Season,PlayerName,MatchesPlayed,Raid points
All Seasons,Pardeep Narwal,104,1101
All Seasons,Rahul Chaudhari,120,943
All Seasons,Deepak Niwas Hooda,123,856
All Seasons,Ajay Thakur,115,790
All Seasons,Maninder Singh,79,731
All Seasons,Rohit Kumar,89,664
All Seasons,Rishank Devadiga,117,595
All Seasons,Pawan Kumar Sehrawat,75,578
All Seasons,Kashiling Adake,92,561
All Seasons,Anup Kumar,91,527
All Seasons,Jang Kun Lee,103,460
All Seasons,Monu Goyat,69,453
All Seasons,Sachin Tanwar,63,433
All Seasons,Nitin Tomar,66,431
All Seasons,Naveen Kumar,42,428
All Seasons,Siddharth Sirish Desai,39,392
All Seasons,Sukesh Hegde,97,392
All Seasons,Vikash Kandola,51,386
All Seasons,Jasvir Singh,77,380
All Seasons,Prashanth Kumar Rai,94,370
All Seasons,K. Prapanjan,81,363
All Seasons,Shrikant Jadhav,72,358
All Seasons,Meraj Sheykh,95,339
All Seasons,Chandran Ranjit,61,316
All Seasons,Deepak Narwal,81,311
All Seasons,Nilesh Salunke,79,303
All Seasons,Rajesh Narwal,92,284
All Seasons,Wazir Singh,47,278
All Seasons,Pawan Kumar Kadian,74,277
All Seasons,Rohit Baliyan,68,269
All Seasons,Rajesh Mondal,89,260
All Seasons,Sandeep Narwal,120,247
All Seasons,Manjeet Chhillar,108,224
All Seasons,Shabeer Bappu,74,213
All Seasons,Rohit Gulia,58,211
All Seasons,Manjeet,42,191
All Seasons,Rakesh Kumar,55,186
All Seasons,Ajay Kumar,50,182
All Seasons,Deepak Kumar Dahiya,53,181
All Seasons,Mahendra Ganesh Rajput,62,180
All Seasons,CPO Surjeet Singh,48,176
All Seasons,Ravi Dalal,38,173
All Seasons,Abhishek Singh,32,165
All Seasons,Nitin Madane,37,165
All Seasons,Mahesh Goud,65,165
All Seasons,Surjeet Narwal,31,160
All Seasons,Selvamani K,56,150
All Seasons,Naveen,35,144
All Seasons,Abolfazl Maghsodloumahali,47,144
All Seasons,Sonu Narwal,33,138
All Seasons,Surender Singh,48,136
All Seasons,More GB,45,136
All Seasons,Tushar Patil,53,135
All Seasons,Vijay,59,127
All Seasons,Nitin Rawal,45,122
All Seasons,Athul MS,38,114
All Seasons,Pankaj Mohite,16,110
All Seasons,V. Ajith Kumar,17,107
All Seasons,Ran Singh,118,99
All Seasons,Rohit Kumar Choudary,38,93
All Seasons,Vinay,19,92
All Seasons,Ajinkya Ashok Pawar,31,90
All Seasons,Darshan Kadian,39,89
All Seasons,Sunil Jaipal,38,87
All Seasons,Gurvinder Singh,45,82
All Seasons,Arjun Deshwal,19,80
All Seasons,Shrikant Tewthia,71,78
All Seasons,Mohammad Esmaeil Nabibakhsh,20,75
All Seasons,Mohsen Maghsoudloujafari,46,75
All Seasons,Monu,52,75
All Seasons,Dong Geon Lee,33,71
All Seasons,Bhupender Singh,47,71
All Seasons,Pravin Niwale,17,62
All Seasons,Vinod Kumar,47,62
All Seasons,Kuldeep Singh,66,59
All Seasons,Mahipal Narwal,34,57
All Seasons,Sumit Singh,32,54
All Seasons,Surender Gill,15,54
All Seasons,Jitesh Joshi,19,53
All Seasons,Rakesh Narwal,26,53
All Seasons,Farhad Rahimi Milaghardan,58,53
All Seasons,Sonu Jaglan,15,52
All Seasons,Rajnish,14,52
All Seasons,Vinod Kumar,29,52
All Seasons,Amit Om Prakash Rathi,16,46
All Seasons,Anand Patil,26,46
All Seasons,Ashish Kumar,83,46
All Seasons,Harish Naik,21,45
All Seasons,Suraj Desai,12,44
All Seasons,Vikas Jaglan,46,43
All Seasons,Dharmaraj Cheralathan,116,43
All Seasons,Ravindra Ramesh Kumawat,19,42
All Seasons,Vineet Sharma,41,41
All Seasons,Akshay Jadhav,29,37
All Seasons,R. Sriram,15,35
All Seasons,Yogesh Hooda,21,35
All Seasons,Ajit Singh,17,32
All Seasons,Suresu Kumar,21,31
All Seasons,Mohammad Esmaeil Maghsoudlou Mahalli,17,31
All Seasons,Vikas Kumar,14,30
All Seasons,Vinoth Kumar,17,30
All Seasons,Mangesh Bhagat,8,27
All Seasons,Azad Singh,13,27
All Seasons,Rakshith,17,26
All Seasons,Sachin Kumar,46,26
All Seasons,Manoj Kumar,52,25
All Seasons,Amit Kumar,19,25
All Seasons,Pradeep Kumar,10,24
All Seasons,Manpreet Singh,13,24
All Seasons,Suresh Kumar,11,22
All Seasons,Armaan,10,22
All Seasons,Rakesh Gowda,9,22
All Seasons,Parmod Narwal,35,21
All Seasons,Ashish Chhokar,12,21
All Seasons,Surender Nada,71,21
All Seasons,Sushil Gulia,7,19
All Seasons,Gangadhari Mallesh,36,19
All Seasons,Umesh Mhatre,13,19
All Seasons,Dinesh Kumar,8,19
All Seasons,Banty,11,18
All Seasons,Kalimuthu Balamahendran,23,18
All Seasons,D. Pradap,29,18
All Seasons,Nilesh Shinde,69,18
All Seasons,Shyam Kumar Sah,27,17
All Seasons,Amit Nagar,12,17
All Seasons,Amit Kumar,6,16
All Seasons,Anil Shriram Nimbolkar,6,15
All Seasons,Sanjay Kumar,8,15
All Seasons,Hadi Oshtorak,69,15
All Seasons,Preetam Chhillar,58,15
All Seasons,Waleed Al Hasani,6,14
All Seasons,Virender Wazir Singh,7,14
All Seasons,Anand,8,14
All Seasons,Tae Deok Eom,35,14
All Seasons,M. Thivakaran,9,14
All Seasons,Sachin Vittala,26,14
All Seasons,Mohammad Maghshoudulu,18,14
All Seasons,Ravinder Pahal,109,14
All Seasons,Kamal Singh,11,13
All Seasons,Victor Onyango Obiero,6,12
All Seasons,Elangeshwaran R,5,12
All Seasons,Sushant Sail,9,12
All Seasons,Amit Kumar,17,12
All Seasons,Kedar Lal,10,12
All Seasons,Sandeep Kandola,16,11
All Seasons,Isac Antony,9,11
All Seasons,Sachin Narwal,12,11
All Seasons,C Manoj Kumar,12,10
All Seasons,Balbir Singh,10,10
All Seasons,Amit Hooda,86,10
All Seasons,Girish Maruti Ernak,104,10
All Seasons,Simon Kibura,9,9
All Seasons,Bhanu Pratap Tomar,6,9
All Seasons,Jawahar Dagar,46,9
All Seasons,Shubham Ashok Palkar,12,9
All Seasons,Deepak Kumar Rathee,20,9
All Seasons,Mayur Shivtarkar,30,9
All Seasons,PO Surjeet Singh,92,9
All Seasons,Mohan Raman G,4,8
All Seasons,Emad Sedaghatnia,2,8
All Seasons,Ravi V.,2,8
All Seasons,Anil Kashinath Patil,5,8
All Seasons,Anand Surendra Tomar,5,8
All Seasons,Sandeep,6,7
All Seasons,Mahesh Maruti Magdum,4,7
All Seasons,Ankit Beniwal,7,7
All Seasons,Jasmer Singh Gulia,52,7
All Seasons,Parvesh,6,7
All Seasons,Mohit Chhillar,109,7
All Seasons,Ankush,3,6
All Seasons,Bhuvneshwar Gaur,6,6
All Seasons,David Shilisia J Mosambayi,7,6
All Seasons,Vikash Kumar,6,6
All Seasons,Amit Kumar Tomar,9,6
All Seasons,Dharmender,4,5
All Seasons,Amit Kumar,3,5
All Seasons,Sinotharan Kanesharajah,3,5
All Seasons,Satpal,22,5
All Seasons,Harmanjit Singh,4,5
All Seasons,Gnanasekaran M,8,5
All Seasons,Ashish,7,5
All Seasons,Rahul Choudhary,5,5
All Seasons,Rupesh Tomar,15,5
All Seasons,Lalit Chaudhary,7,5
All Seasons,Sachin Khambe,22,5
All Seasons,Hadi Tajik,28,5
All Seasons,Sunil Siddhgavali,42,5
All Seasons,Mandeep Kumar,7,5
All Seasons,Vijay Malik,7,5
All Seasons,Dadaso Balaso Awad,12,5
All Seasons,Mohit Sehrawat,13,5
All Seasons,Dovlet Boshimov,2,4
All Seasons,Rohit,2,4
All Seasons,Wajid Ali,4,4
All Seasons,Joginder Singh Narwal,80,4
All Seasons,Purna Singh,6,4
All Seasons,D. Gopu,34,4
All Seasons,Sunil,63,4
All Seasons,Surinder Singh,63,4
All Seasons,Ehsan Zamani Fard,8,4
All Seasons,Sidharth,21,4
All Seasons,C. Arun,87,4
All Seasons,Fazel Atrachali,98,4
All Seasons,Amit Kumar,11,4
All Seasons,Md. Masud Karim,3,3
All Seasons,Vikrant,3,3
All Seasons,Ram Kumar Sah,11,3
All Seasons,Parveen,25,3
All Seasons,Punit Kumar Teotia,4,3
All Seasons,Gulveer Singh,4,3
All Seasons,Prateek,6,3
All Seasons,Aman Kadian,4,3
All Seasons,Arun Kumar HN,4,3
All Seasons,Vijay Kumar,21,3
All Seasons,Mithin Kumar,3,3
All Seasons,Bhavani Rajput,4,3
All Seasons,Seong Ryeol Kim,15,3
All Seasons,Vishal,25,3
All Seasons,Anand V,3,3
All Seasons,Santhosh B.S,9,3
All Seasons,Samarjeet Singh,22,3
All Seasons,Anil Kumar,54,3
All Seasons,Sunil Kumar,68,3
All Seasons,Jay Bahadur Bohara,1,2
All Seasons,Adarsh T,19,2
All Seasons,Sanoj Kumar,2,2
All Seasons,Hyunil Park,2,2
All Seasons,Rohit Kumar,7,2
All Seasons,Balram,2,2
All Seasons,Himanshu,3,2
All Seasons,Gurpreet Singh,18,2
All Seasons,Md. Aruduzzaman Munshi,6,2
All Seasons,Ajay,16,2
All Seasons,Sunil Hanumanthappa,5,2
All Seasons,Dong Ju Hong,9,2
All Seasons,Sumit,18,2
All Seasons,Sandeep Tomar,3,2
All Seasons,Yashwant Bishnoi,3,2
All Seasons,Gaurav Kumar,3,2
All Seasons,Palle Mallikarjun,3,2
All Seasons,Vinoth Paulyas,4,2
All Seasons,Vimal Raj V,5,2
All Seasons,Vishav Chaudhary,2,2
All Seasons,Nitesh Kumar,62,2
All Seasons,Lokesh Kaushik,7,2
All Seasons,Amit,32,2
All Seasons,Rohit Rana,82,2
All Seasons,Rinku Narwal,48,2
All Seasons,Abozar Mohajermighani,63,2
All Seasons,Takamitsu Kono,1,1
All Seasons,Kazuhiro Takano,2,1
All Seasons,Ravit Kumar,3,1
All Seasons,Chand Singh,9,1
All Seasons,Saurabh Nandal,18,1
All Seasons,Yong Joo Ok,1,1
All Seasons,Parveen Narwal,1,1
All Seasons,Nitin Kumar,1,1
All Seasons,Parvesh Attri,1,1
All Seasons,Vikas Chhillar,1,1
All Seasons,Deepak Dhull,10,1
All Seasons,Somvir,16,1
All Seasons,Nirbhay Narwal,2,1
All Seasons,Inderpal Bishnoi,2,1
All Seasons,Vijender Singh,8,1
All Seasons,Kuldeep Singh,36,1
All Seasons,Somvir Shekhar,61,1
All Seasons,Munish,3,1
All Seasons,Anil Kumar,6,1
All Seasons,Darshan J.,29,1
All Seasons,Jeeva Kumar,112,1
All Seasons,Ajinkya Rohidas Kapre,2,1
All Seasons,Anuj Kumar,7,1
All Seasons,Sandeep Kumar Dhull,64,1
All Seasons,Hemant Chauhan,3,1
All Seasons,Navneet Gautam,31,1
All Seasons,Amit Singh Chhillar,35,1
All Seasons,Baldev Singh,38,1
All Seasons,Gurchet Singh,4,1
All Seasons,Rajaguru Subramanian,46,1
All Seasons,Parveen M. Jangra,6,1
All Seasons,Anil Kumar,19,1
All Seasons,Sunny,3,1
All Seasons,Krushna Madane,16,1
All Seasons,Prashant Chavan,41,1
All Seasons,Rakesh Singh Kumar,49,1
All Seasons,Shubham Shinde,23,1
All Seasons,Sagar B Krishna,60,1
All Seasons,Mahender Singh,62,1
All Seasons,Vishal Bhardwaj,59,1
Season 7,Naveen Kumar,20,256
Season 7,Pardeep Narwal,19,243
Season 7,Pawan Kumar Sehrawat,19,242
Season 7,Maninder Singh,20,205
Season 7,Siddharth Sirish Desai,18,174
Season 7,Vikash Kandola,16,153
Season 7,Deepak Niwas Hooda,20,146
Season 7,Abhishek Singh,17,118
Season 7,Rohit Gulia,20,118
Season 7,Rahul Chaudhari,20,118
Season 7,Shrikant Jadhav,18,114
Season 7,Pankaj Mohite,16,110
Season 7,V. Ajith Kumar,17,107
Season 7,Chandran Ranjit,19,106
Season 7,Manjeet,20,104
Season 7,K. Prapanjan,18,99
Season 7,Vinay,19,92
Season 7,Rohit Kumar,17,88
Season 7,Sachin Tanwar,16,84
Season 7,Arjun Deshwal,16,76
Season 7,Mohammad Esmaeil Nabibakhsh,20,75
Season 7,Prashanth Kumar Rai,13,58
Season 7,Ajay Thakur,13,58
Season 7,Naveen,14,56
Season 7,Deepak Narwal,17,55
Season 7,Nitin Tomar,13,54
Season 7,Surender Gill,15,54
Season 7,Nilesh Salunke,17,53
Season 7,Sonu Jaglan,15,52
Season 7,Athul MS,15,51
Season 7,Jang Kun Lee,13,49
Season 7,Rishank Devadiga,14,46
Season 7,Suraj Desai,12,44
Season 7,Rohit Baliyan,16,44
Season 7,Rajnish,10,43
Season 7,Monu Goyat,10,43
Season 7,More GB,17,43
Season 7,Vijay,19,40
Season 7,Sukesh Hegde,13,40
Season 7,Sumit Singh,15,36
Season 7,Nitin Rawal,15,32
Season 7,Mohammad Esmaeil Maghsoudlou Mahalli,17,31
Season 7,Meraj Sheykh,13,30
Season 7,Pawan Kumar Kadian,6,25
Season 7,Farhad Rahimi Milaghardan,18,25
Season 7,Rakesh Gowda,9,22
Season 7,Shabeer Bappu,14,22
Season 7,Sushil Gulia,7,19
Season 7,Ajinkya Ashok Pawar,14,19
Season 7,Banty,11,18
Season 7,Sandeep Narwal,19,18
Season 7,Amit Kumar,13,17
Season 7,Amit Kumar,6,16
Season 7,Sushant Sail,9,12
Season 7,Vikas Jaglan,19,12
Season 7,Dong Geon Lee,5,11
Season 7,Sachin Narwal,12,11
Season 7,Selvamani K,7,11
Season 7,Monu,19,11
Season 7,Surender Singh,4,10
Season 7,Ran Singh,19,9
Season 7,Vineet Sharma,11,9
Season 7,Armaan,6,9
Season 7,Emad Sedaghatnia,2,8
Season 7,Hadi Oshtorak,19,8
Season 7,Ankit Beniwal,6,7
Season 7,Darshan Kadian,7,7
Season 7,Rakesh Narwal,2,6
Season 7,Ankush,3,6
Season 7,Victor Onyango Obiero,3,6
Season 7,Anand,5,6
Season 7,Vinod Kumar,9,6
Season 7,Azad Singh,4,6
Season 7,Amit Kumar,3,5
Season 7,Abolfazl Maghsodloumahali,6,5
Season 7,Harmanjit Singh,4,5
Season 7,Ashish,7,5
Season 7,Mohsen Maghsoudloujafari,11,5
Season 7,Mohit Sehrawat,13,5
Season 7,Gurvinder Singh,2,4
Season 7,Surinder Singh,19,4
Season 7,Purna Singh,6,4
Season 7,Manjeet Chhillar,15,4
Season 7,Aman Kadian,3,3
Season 7,Dharmaraj Cheralathan,17,3
Season 7,Amit Kumar,9,3
Season 7,Balram,2,2
Season 7,Himanshu,3,2
Season 7,C. Arun,18,2
Season 7,Arun Kumar HN,2,2
Season 7,Ajay,9,2
Season 7,Sumit,18,2
Season 7,Yashwant Bishnoi,3,2
Season 7,Palle Mallikarjun,3,2
Season 7,Lalit Chaudhary,4,2
Season 7,Fazel Atrachali,19,2
Season 7,Amit,18,2
Season 7,PO Surjeet Singh,19,2
Season 7,Chand Singh,9,1
Season 7,Girish Maruti Ernak,15,1
Season 7,Saurabh Nandal,18,1
Season 7,Vikas Chhillar,1,1
Season 7,Nitesh Kumar,18,1
Season 7,Sandeep Kumar Dhull,20,1
Season 7,Amit Hooda,14,1
Season 7,Ajinkya Rohidas Kapre,2,1
Season 7,Hemant Chauhan,3,1
Season 7,Hadi Tajik,12,1
Season 7,Abozar Mohajermighani,18,1
Season 7,Shubham Shinde,13,1
Season 7,Ravindra Ramesh Kumawat,3,1
Season 7,Ashish Kumar,7,1
Season 7,Sunil Kumar,18,1
Season 6,Pawan Kumar Sehrawat,24,271
Season 6,Pardeep Narwal,21,233
Season 6,Siddharth Sirish Desai,21,218
Season 6,Maninder Singh,22,206
Season 6,Ajay Thakur,22,203
Season 6,Deepak Niwas Hooda,22,196
Season 6,Sachin Tanwar,23,190
Season 6,Naveen Kumar,22,172
Season 6,Vikash Kandola,22,172
Season 6,Rohit Kumar,24,162
Season 6,Monu Goyat,20,160
Season 6,Rahul Chaudhari,21,159
Season 6,Chandran Ranjit,24,153
Season 6,Prashanth Kumar Rai,21,144
Season 6,Shrikant Jadhav,25,141
Season 6,K. Prapanjan,22,122
Season 6,Nitin Tomar,11,100
Season 6,Rishank Devadiga,23,100
Season 6,Rohit Baliyan,19,94
Season 6,Meraj Sheykh,19,94
Season 6,Naveen,21,88
Season 6,Manjeet,22,87
Season 6,Nilesh Salunke,19,81
Season 6,Jang Kun Lee,18,79
Season 6,More GB,22,79
Season 6,Ajinkya Ashok Pawar,17,71
Season 6,Deepak Narwal,17,70
Season 6,Sukesh Hegde,17,68
Season 6,Kashiling Adake,20,67
Season 6,Vijay,21,60
Season 6,Rohit Gulia,19,58
Season 6,Athul MS,19,55
Season 6,Darshan Kadian,14,49
Season 6,Abhishek Singh,15,47
Season 6,Pawan Kumar Kadian,13,45
Season 6,Monu,14,45
Season 6,Jasvir Singh,16,42
Season 6,Selvamani K,15,38
Season 6,Mahesh Goud,10,38
Season 6,Anup Kumar,13,38
Season 6,Ravindra Ramesh Kumawat,12,37
Season 6,Ajay Kumar,13,32
Season 6,Dong Geon Lee,11,31
Season 6,Deepak Kumar Dahiya,11,31
Season 6,Ran Singh,22,29
Season 6,Mohsen Maghsoudloujafari,19,29
Season 6,Mahendra Ganesh Rajput,13,28
Season 6,Akshay Jadhav,18,28
Season 6,Nitin Rawal,9,25
Season 6,Sandeep Narwal,18,25
Season 6,Sachin Kumar,25,25
Season 6,Abolfazl Maghsodloumahali,10,23
Season 6,Farhad Rahimi Milaghardan,22,22
Season 6,Vinod Kumar,17,22
Season 6,Harish Naik,7,21
Season 6,Vikas Jaglan,14,21
Season 6,Azad Singh,9,21
Season 6,Tushar Patil,9,20
Season 6,CPO Surjeet Singh,9,16
Season 6,Amit Nagar,9,15
Season 6,Rakshith,11,14
Season 6,Rajesh Mondal,11,14
Season 6,Armaan,4,13
Season 6,Kamal Singh,8,13
Season 6,Anand Patil,7,13
Season 6,Amit Kumar,17,12
Season 6,Sumit Singh,8,11
Season 6,Bhupender Singh,4,10
Season 6,C Manoj Kumar,12,10
Season 6,Rakesh Narwal,6,9
Season 6,D. Pradap,13,9
Season 6,Ajit Singh,6,9
Season 6,Bhanu Pratap Tomar,6,9
Season 6,Rajnish,4,9
Season 6,Anand,3,8
Season 6,Anand Surendra Tomar,5,8
Season 6,Amit Kumar,6,8
Season 6,Manjeet Chhillar,19,8
Season 6,Sandeep,5,7
Season 6,Mahesh Maruti Magdum,4,7
Season 6,Rajesh Narwal,16,7
Season 6,Shabeer Bappu,6,7
Season 6,Parvesh,6,7
Season 6,Victor Onyango Obiero,3,6
Season 6,Bhuvneshwar Gaur,6,6
Season 6,Hadi Oshtorak,13,6
Season 6,Dharmender,4,5
Season 6,Sunil Siddhgavali,16,5
Season 6,Ashish Kumar,24,5
Season 6,David Shilisia J Mosambayi,4,4
Season 6,Arjun Deshwal,3,4
Season 6,Mayur Shivtarkar,18,4
Season 6,Md. Masud Karim,3,3
Season 6,Jawahar Dagar,15,3
Season 6,Sachin Vittala,22,3
Season 6,Lalit Chaudhary,3,3
Season 6,Parveen,19,3
Season 6,Prateek,6,3
Season 6,Shrikant Tewthia,8,3
Season 6,Mithin Kumar,3,3
Season 6,Yogesh Hooda,6,3
Season 6,Anand V,3,3
Season 6,Rohit Kumar Choudary,6,3
Season 6,PO Surjeet Singh,23,3
Season 6,Adarsh T,10,2
Season 6,Vijay Kumar,4,2
Season 6,Amit Hooda,18,2
Season 6,Wazir Singh,2,2
Season 6,Gaurav Kumar,3,2
Season 6,Vimal Raj V,5,2
Season 6,Gangadhari Mallesh,6,2
Season 6,Vishav Chaudhary,2,2
Season 6,Lokesh Kaushik,6,2
Season 6,Shubham Ashok Palkar,4,2
Season 6,Baldev Singh,18,1
Season 6,Satpal,12,1
Season 6,Krushna Madane,6,1
Season 6,Arun Kumar HN,2,1
Season 6,Anuj Kumar,7,1
Season 6,Vishal,6,1
Season 6,Amit Kumar,2,1
Season 6,Rinku Narwal,15,1
Season 6,Nitesh Kumar,25,1
Season 6,Girish Maruti Ernak,20,1
Season 6,Anil Kumar,18,1
Season 5,Pardeep Narwal,26,369
Season 5,Rohit Kumar,22,219
Season 5,Ajay Thakur,22,213
Season 5,Monu Goyat,26,191
Season 5,Maninder Singh,21,190
Season 5,Rahul Chaudhari,22,184
Season 5,Deepak Niwas Hooda,24,172
Season 5,Nitin Tomar,20,167
Season 5,Rishank Devadiga,21,165
Season 5,Sachin,24,159
Season 5,K. Prapanjan,22,123
Season 5,Pawan Kumar Kadian,21,122
Season 5,Kashiling Adake,20,114
Season 5,Anup Kumar,21,112
Season 5,Wazir Singh,21,107
Season 5,Nilesh Salunke,21,98
Season 5,Meraj Sheykh,20,96
Season 5,Abolfazl Maghsodloumahali,19,91
Season 5,Rajesh Mondal,24,90
Season 5,Jang Kun Lee,21,89
Season 5,Ajay Kumar,22,89
Season 5,Shrikant Jadhav,19,86
Season 5,Deepak Narwal,16,85
Season 5,Prashanth Kumar Rai,16,78
Season 5,Deepak Kumar Dahiya,16,76
Season 5,Sukesh Hegde,18,75
Season 5,Surender Singh,18,68
Season 5,Nitin Rawal,21,65
Season 5,Rohit Baliyan,17,65
Season 5,Tushar Patil,17,64
Season 5,Jasvir Singh,15,61
Season 5,CPO Surjeet Singh,17,59
Season 5,Vikash Khandola,9,58
Season 5,Mahendra Ganesh Rajput,17,57
Season 5,Chandran Ranjit,11,51
Season 5,Mohsen Maghsoudloujafari,16,41
Season 5,R. Sriram,11,35
Season 5,Mahesh Goud,21,35
Season 5,Shabeer Bappu,12,35
Season 5,Rohit Gulia,19,35
Season 5,Vinod Kumar,21,34
Season 5,Darshan Kadian,16,33
Season 5,Anand Patil,19,33
Season 5,Sandeep Narwal,21,33
Season 5,Vinod Kumar,19,33
Season 5,Vikas Kumar,14,30
Season 5,Dong Geon Lee,17,29
Season 5,Bhupender Singh,17,28
Season 5,Vijay,19,27
Season 5,Harish Naik,14,24
Season 5,Ajit Singh,11,23
Season 5,Suresh Kumar,11,22
Season 5,Monu,19,19
Season 5,Gurvinder Singh,9,17
Season 5,Rakesh Narwal,6,17
Season 5,Ashish Kumar,20,17
Season 5,Kuldeep Singh,20,16
Season 5,Sunil Jaipal,13,16
Season 5,Vineet Sharma,18,16
Season 5,M. Thivakaran,9,14
Season 5,More GB,6,14
Season 5,Rohit Kumar Choudary,11,13
Season 5,Nitin Madane,12,13
Season 5,Rakshith,6,12
Season 5,Elangeshwaran R,5,12
Season 5,Ran Singh,23,12
Season 5,Rajesh Narwal,16,11
Season 5,Vikas Jaglan,13,10
Season 5,Pawan Kumar Sehrawat,9,9
Season 5,Ashish Chhokar,5,9
Season 5,Akshay Jadhav,10,9
Season 5,D. Pradap,16,9
Season 5,Mohan Raman G,4,8
Season 5,Virender Wazir Singh,3,8
Season 5,Shubham Ashok Palkar,8,7
Season 5,Rakesh Kumar,10,7
Season 5,Farhad Rahimi Milaghardan,18,6
Season 5,Vinoth Kumar,4,6
Season 5,Jawahar Dagar,18,6
Season 5,Rahul Choudhary,5,5
Season 5,Girish Maruti Ernak,21,5
Season 5,Mayur Shivtarkar,5,5
Season 5,Ravi Dalal,5,5
Season 5,Manjeet Chhillar,15,5
Season 5,Rohit,2,4
Season 5,Shrikant Tewthia,23,4
Season 5,Satpal,10,4
Season 5,Hadi Tajik,9,4
Season 5,Selvamani K,3,4
Season 5,Nilesh Shinde,15,4
Season 5,Sidharth,21,4
Season 5,Vikrant,3,3
Season 5,Gulveer Singh,4,3
Season 5,Mohit Chhillar,20,3
Season 5,Bhavani Rajput,4,3
Season 5,Deepak Kumar Rathee,6,3
Season 5,Santhosh B.S,9,3
Season 5,Surender Nada,21,3
Season 5,Preetam Chhillar,16,3
Season 5,PO Surjeet Singh,24,3
Season 5,Sanoj Kumar,2,2
Season 5,Rohit Kumar,7,2
Season 5,David Shilisia J Mosambayi,2,2
Season 5,Ravinder Pahal,19,2
Season 5,Ravindra Ramesh Kumawat,2,2
Season 5,Vishal,5,2
Season 5,Suresu Kumar,3,2
Season 5,Anil Kumar,2,1
Season 5,Dong Ju Hong,3,1
Season 5,Kuldeep Singh,5,1
Season 5,Yong Joo Ok,1,1
Season 5,Mahender Singh,22,1
Season 5,Vijay Kumar,8,1
Season 5,Darshan J.,20,1
Season 5,Munish,3,1
Season 5,Abozar Mohajermighani,24,1
Season 5,Sachin Kumar,9,1
Season 5,Rinku Narwal,13,1
Season 5,Sagar B Krishna,17,1
Season 5,Umesh Mhatre,5,1
Season 5,C. Arun,20,1
Season 5,Sunil Kumar,24,1
Season 4,Rahul Chaudhari,16,146
Season 4,Pardeep Narwal,16,131
Season 4,Deepak Niwas Hooda,16,126
Season 4,Rohit Kumar,14,93
Season 4,Jasvir Singh,14,82
Season 4,Kashiling Adake,13,78
Season 4,Anup Kumar,14,72
Season 4,Rishank Devadiga,14,70
Season 4,Rajesh Narwal,16,66
Season 4,Ajay Thakur,16,63
Season 4,Meraj Sheykh,14,63
Season 4,Ajay Kumar,15,61
Season 4,Jang Kun Lee,11,61
Season 4,Nilesh Salunke,15,61
Season 4,Monu Goyat,13,59
Season 4,Rajesh Mondal,15,57
Season 4,Nitin Madane,13,51
Season 4,Selvamani K,13,45
Season 4,Rakesh Kumar,14,44
Season 4,CPO Surjeet Singh,10,33
Season 4,Nitin Tomar,12,33
Season 4,Sonu Narwal,11,32
Season 4,Abolfazl Maghsodloumahali,9,25
Season 4,Manjeet Chhillar,12,24
Season 4,Sandeep Narwal,16,24
Season 4,Shabeer Bappu,12,24
Season 4,Suresu Kumar,11,20
Season 4,Pawan Kumar Kadian,9,20
Season 4,Prashanth Kumar Rai,9,19
Season 4,Vinod Kumar,9,19
Season 4,Tushar Patil,8,14
Season 4,Ashish Kumar,14,14
Season 4,Yogesh Hooda,5,14
Season 4,Mahipal Narwal,14,13
Season 4,Ravi Dalal,6,13
Season 4,Deepak Narwal,6,13
Season 4,K. Prapanjan,11,12
Season 4,Deepak Kumar Dahiya,7,12
Season 4,Pawan Kumar Sehrawat,10,11
Season 4,Surender Singh,11,9
Season 4,Athul MS,4,8
Season 4,Parmod Narwal,8,8
Season 4,Vinoth Kumar,3,8
Season 4,Kuldeep Singh,15,8
Season 4,Shrikant Jadhav,5,7
Season 4,Sumit Singh,5,7
Season 4,Sukesh Hegde,9,7
Season 4,Surjeet Narwal,5,7
Season 4,Vikash Kumar,6,6
Season 4,Ran Singh,16,5
Season 4,Mahesh Goud,7,5
Season 4,Joginder Singh Narwal,16,4
Season 4,Umesh Mhatre,2,4
Season 4,Amit Om Prakash Rathi,2,4
Season 4,Surender Nada,13,4
Season 4,Gurvinder Singh,6,4
Season 4,Mohit Chhillar,14,3
Season 4,Vikash Khandola,4,3
Season 4,Amit Hooda,16,2
Season 4,Amit Nagar,3,2
Season 4,Ravindra Ramesh Kumawat,2,2
Season 4,Nilesh Shinde,12,2
Season 4,Dharmaraj Cheralathan,14,2
Season 4,Vishal Bhardwaj,2,1
Season 4,Hadi Oshtorak,7,1
Season 4,Sunil,10,1
Season 4,Sunil Kumar,1,1
Season 4,Parveen Narwal,1,1
Season 4,Nitin Kumar,1,1
Season 4,Anil Kumar,9,1
Season 4,Sunny,3,1
Season 3,Pardeep Narwal,16,116
Season 3,Rishank Devadiga,16,106
Season 3,Rohit Kumar,12,102
Season 3,Rahul Chaudhari,13,87
Season 3,Jang Kun Lee,15,79
Season 3,Nitin Tomar,10,77
Season 3,Anup Kumar,13,76
Season 3,Kashiling Adake,11,75
Season 3,Deepak Niwas Hooda,12,69
Season 3,CPO Surjeet Singh,12,68
Season 3,Sukesh Hegde,13,61
Season 3,Rajesh Narwal,14,59
Season 3,Sonu Narwal,11,55
Season 3,Rohit Baliyan,11,54
Season 3,Ajay Thakur,14,52
Season 3,Pawan Kumar Sehrawat,13,45
Season 3,Manjeet Chhillar,15,45
Season 3,Surender Singh,12,44
Season 3,Surjeet Narwal,12,40
Season 3,Selvamani K,8,38
Season 3,Deepak Kumar Dahiya,10,37
Season 3,Mahesh Goud,13,33
Season 3,Rakesh Kumar,15,33
Season 3,Deepak Narwal,9,31
Season 3,Amit Om Prakash Rathi,8,30
Season 3,Rajesh Mondal,9,27
Season 3,Meraj Sheykh,14,27
Season 3,Jasvir Singh,4,25
Season 3,Manpreet Singh,13,24
Season 3,Tushar Patil,13,22
Season 3,Ran Singh,14,20
Season 3,Shrikant Tewthia,13,20
Season 3,Mahendra Ganesh Rajput,8,19
Season 3,Vinoth Kumar,7,16
Season 3,Rohit Kumar Choudary,7,16
Season 3,Anil Shriram Nimbolkar,6,15
Season 3,Umesh Mhatre,6,14
Season 3,Mohammad Maghshoudulu,10,13
Season 3,Shabeer Bappu,10,13
Season 3,Prashanth Kumar Rai,13,12
Season 3,Bhupender Singh,11,11
Season 3,Nilesh Salunke,7,10
Season 3,Shrikant Jadhav,5,10
Season 3,Sandeep Narwal,14,9
Season 3,Anil Kashinath Patil,5,8
Season 3,Ravinder Pahal,11,8
Season 3,Vineet Sharma,4,8
Season 3,Shyam Kumar Sah,7,7
Season 3,Ashish Kumar,13,7
Season 3,Kuldeep Singh,10,7
Season 3,Virender Wazir Singh,4,6
Season 3,Dharmaraj Cheralathan,14,6
Season 3,Yogesh Hooda,6,6
Season 3,Pawan Kumar Kadian,5,6
Season 3,Deepak Kumar Rathee,14,6
Season 3,Mahipal Narwal,4,5
Season 3,Gnanasekaran M,8,5
Season 3,Preetam Chhillar,11,5
Season 3,Sunil Jaipal,2,4
Season 3,Gurvinder Singh,5,4
Season 3,Seong Ryeol Kim,8,3
Season 3,Jay Bahadur Bohara,1,2
Season 3,Suresu Kumar,3,2
Season 3,Simon Kibura,2,2
Season 3,Vinoth Paulyas,3,2
Season 3,K. Prapanjan,4,2
Season 3,Anil Kumar,11,2
Season 3,Nilesh Shinde,16,2
Season 3,Samarjeet Singh,5,2
Season 3,Parvesh Attri,1,1
Season 3,Isac Antony,2,1
Season 3,Navneet Gautam,7,1
Season 3,Fazel Atrachali,11,1
Season 3,Somvir,14,1
Season 3,Nirbhay Narwal,2,1
Season 3,Sunil,15,1
Season 3,Tae Deok Eom,7,1
Season 3,PO Surjeet Singh,12,1
Season 3,Surender Nada,7,1
Season 3,Pravin Niwale,2,1
Season 3,C. Arun,11,1
Season 3,Rohit Rana,12,1
Season 3,Girish Maruti Ernak,11,1
Season 3,Gangadhari Mallesh,10,1
Season 2,Kashiling Adake,14,114
Season 2,Rahul Chaudhari,14,98
Season 2,Ajay Thakur,13,79
Season 2,Anup Kumar,14,74
Season 2,Rajesh Narwal,14,69
Season 2,Manjeet Chhillar,16,67
Season 2,Wazir Singh,11,65
Season 2,Jasvir Singh,13,64
Season 2,Sukesh Hegde,13,62
Season 2,Rohit Kumar Choudary,14,61
Season 2,Deepak Niwas Hooda,15,60
Season 2,Deepak Narwal,16,57
Season 2,Mahendra Ganesh Rajput,12,55
Season 2,Prashanth Kumar Rai,15,54
Season 2,Sonu Narwal,11,51
Season 2,Jang Kun Lee,14,48
Season 2,Shabeer Bappu,10,46
Season 2,Sandeep Narwal,16,46
Season 2,Rishank Devadiga,13,44
Season 2,Ravi Dalal,11,44
Season 2,Gurvinder Singh,16,44
Season 2,Pravin Niwale,8,41
Season 2,Sunil Jaipal,10,34
Season 2,Rajesh Mondal,15,33
Season 2,Meraj Sheykh,15,29
Season 2,Kuldeep Singh,14,28
Season 2,Pradeep Kumar,6,24
Season 2,Bhupender Singh,11,22
Season 2,Rakesh Narwal,11,21
Season 2,Dharmaraj Cheralathan,15,19
Season 2,Dinesh Kumar,8,19
Season 2,Pawan Kumar Kadian,10,16
Season 2,Tushar Patil,6,15
Season 2,Sanjay Kumar,7,15
Season 2,Mahipal Narwal,9,15
Season 2,Selvamani K,10,14
Season 2,Rakesh Kumar,4,14
Season 2,Jitesh Joshi,5,13
Season 2,Ran Singh,14,13
Season 2,Rohit Baliyan,5,12
Season 2,Amit Om Prakash Rathi,5,12
Season 2,Yogesh Hooda,4,12
Season 2,Ashish Chhokar,6,12
Season 2,Kedar Lal,9,12
Season 2,Sandeep Kandola,16,11
Season 2,Tae Deok Eom,8,11
Season 2,Sachin Vittala,4,11
Season 2,Isac Antony,7,10
Season 2,Shrikant Tewthia,9,10
Season 2,Pardeep Narwal,6,9
Season 2,Ravi V.,2,8
Season 2,Vineet Sharma,8,8
Season 2,Kalimuthu Balamahendran,6,6
Season 2,Deepak Kumar Dahiya,2,6
Season 2,Amit Kumar Tomar,9,6
Season 2,K. Prapanjan,4,5
Season 2,Surender Singh,2,5
Season 2,Vijay Malik,7,5
Season 2,Dadaso Balaso Awad,7,5
Season 2,Amit Hooda,12,5
Season 2,Rupesh Tomar,6,4
Season 2,Ravinder Pahal,14,4
Season 2,Mahesh Goud,1,3
Season 2,Gangadhari Mallesh,10,3
Season 2,Nilesh Shinde,12,3
Season 2,Surender Nada,14,3
Season 2,Manoj Kumar,14,3
Season 2,Hyunil Park,2,2
Season 2,Sunil,9,2
Season 2,Sandeep Tomar,3,2
Season 2,Ashish Kumar,5,2
Season 2,Preetam Chhillar,12,2
Season 2,Kazuhiro Takano,2,1
Season 2,Ravit Kumar,3,1
Season 2,Deepak Dhull,8,1
Season 2,Jeeva Kumar,13,1
Season 2,Somvir Shekhar,14,1
Season 2,Balbir Singh,2,1
Season 2,Rohit Rana,10,1
Season 2,Rajaguru Subramanian,12,1
Season 2,Inderpal Bishnoi,2,1
Season 2,Sinotharan Kanesharajah,2,1
Season 2,Simon Kibura,3,1
Season 2,Vijender Singh,7,1
Season 2,Fazel Atrachali,5,1
Season 2,Suresu Kumar,1,1
Season 2,Mohammad Maghshoudulu,4,1
Season 2,Parveen M. Jangra,6,1
Season 1,Anup Kumar,16,155
Season 1,Rahul Chaudhari,14,151
Season 1,Maninder Singh,16,130
Season 1,Ajay Thakur,15,122
Season 1,Kashiling Adake,14,113
Season 1,Surjeet Narwal,14,113
Season 1,Ravi Dalal,16,111
Season 1,Jasvir Singh,15,106
Season 1,Wazir Singh,12,104
Season 1,Nitin Madane,12,101
Season 1,Sandeep Narwal,16,92
Season 1,Rakesh Kumar,12,88
Season 1,Deepak Niwas Hooda,14,87
Season 1,Sukesh Hegde,14,79
Season 1,Rajesh Narwal,16,72
Season 1,Manjeet Chhillar,16,71
Season 1,Shabeer Bappu,10,66
Season 1,Rishank Devadiga,16,64
Season 1,Jang Kun Lee,11,55
Season 1,Mahesh Goud,13,51
Season 1,Pawan Kumar Kadian,10,43
Season 1,Shrikant Tewthia,14,41
Season 1,Jitesh Joshi,14,40
Season 1,Rajesh Mondal,15,39
Season 1,Sunil Jaipal,13,33
Season 1,Mangesh Bhagat,8,27
Season 1,Mahipal Narwal,5,24
Season 1,Manoj Kumar,14,22
Season 1,Mahendra Ganesh Rajput,8,21
Season 1,Pravin Niwale,7,20
Season 1,Deepak Kumar Dahiya,7,19
Season 1,Waleed Al Hasani,6,14
Season 1,Gangadhari Mallesh,10,13
Season 1,Parmod Narwal,16,13
Season 1,Dharmaraj Cheralathan,16,13
Season 1,Kalimuthu Balamahendran,14,12
Season 1,Ran Singh,10,11
Season 1,Surender Nada,15,10
Season 1,Shyam Kumar Sah,13,10
Season 1,Gurvinder Singh,7,9
Season 1,Balbir Singh,8,9
Season 1,Nilesh Shinde,14,7
Season 1,Jasmer Singh Gulia,14,7
Season 1,Simon Kibura,4,6
Season 1,Suresu Kumar,3,6
Season 1,Chandran Ranjit,6,6
Season 1,Sachin Khambe,14,5
Season 1,Preetam Chhillar,11,5
Season 1,Prashanth Kumar Rai,7,5
Season 1,Mandeep Kumar,7,5
Season 1,Sinotharan Kanesharajah,1,4
Season 1,Dovlet Boshimov,2,4
Season 1,Wajid Ali,4,4
Season 1,D. Gopu,15,4
Season 1,Ehsan Zamani Fard,8,4
Season 1,Ram Kumar Sah,9,3
Season 1,Punit Kumar Teotia,4,3
Season 1,Gurpreet Singh,16,2
Season 1,Md. Aruduzzaman Munshi,5,2
Season 1,Sunil Hanumanthappa,5,2
Season 1,Girish Maruti Ernak,12,2
Season 1,Tae Deok Eom,9,2
Season 1,Takamitsu Kono,1,1
Season 1,Rupesh Tomar,5,1
Season 1,Mohit Chhillar,16,1
Season 1,Dong Ju Hong,2,1
Season 1,Rakesh Singh Kumar,9,1
Season 1,Amit Singh Chhillar,14,1
Season 1,Prashant Chavan,15,1
Season 1,Gurchet Singh,4,1
Season 1,Samarjeet Singh,12,1
